{"train": [6.267776573076844, 5.212370831519365, 5.111140824854374, 5.087834019213915, 5.051627952605486, 5.047992775216699, 5.028166962787509, 5.025169564411044, 4.9954730328172445, 5.00143526121974, 4.982719639316201, 4.981252973899245, 4.960207529366016, 4.956085532903671, 4.945151153951883, 4.936004040762782, 4.9231220334768295, 4.908907672390342, 4.898316849023104, 4.893469139933586, 4.877908356487751, 4.866569237783551, 4.863133335486054, 4.849093580618501, 4.83238329924643, 4.8156571090221405, 4.807773506268859, 4.800652040168643, 4.789836209267378, 4.765914911404252, 4.76211809553206, 4.738722393289208, 4.735576452687383, 4.718319682404399, 4.708117559552193, 4.694475766271353, 4.680759074166417, 4.653284404426813, 4.648915324360132, 4.632528869435191, 4.616220010444522, 4.597753969952464, 4.581517109647393, 4.567894382402301, 4.545697716996074, 4.527695843949914, 4.5089310221374035, 4.482758942991495, 4.472168453037739, 4.449719484895468, 4.423379646614194, 4.400930982083082, 4.383080238476396, 4.358695421367884, 4.336577005684376, 4.31239359267056, 4.287897108122706, 4.26407784409821, 4.244044437073171, 4.220231667160988, 4.200438580475748, 4.18249686062336, 4.16529808472842, 4.149399166926742], "val": [5.3726526871323586, 5.199612058699131, 5.173229448497295, 5.113353461027145, 5.113999649882317, 5.09889093786478, 5.112091548740864, 5.061599142849445, 5.077374026179314, 5.082373432815075, 5.062365271151066, 5.0183256939053535, 5.05014892667532, 5.0000259056687355, 5.002930708229542, 4.979559667408466, 4.979060925543308, 4.962441310286522, 4.985111348330975, 4.939496390521526, 4.9755521565675735, 4.9456852078437805, 4.93091781437397, 4.935626119375229, 4.910625047981739, 4.910985447466373, 4.8916768580675125, 4.888514742255211, 4.8463496044278145, 4.853835411369801, 4.83706122636795, 4.837594412267208, 4.800175115466118, 4.805638745427132, 4.785000629723072, 4.790414310991764, 4.764837741851807, 4.758394554257393, 4.732375994324684, 4.724466606974602, 4.6924154460430145, 4.689407989382744, 4.67444384843111, 4.644964173436165, 4.638836659491062, 4.6081836596131325, 4.592583000659943, 4.580299697816372, 4.574603825807571, 4.548839688301086, 4.525601990520954, 4.501770429313183, 4.47798889875412, 4.453772693872452, 4.429804362356663, 4.406839162111282, 4.372840337455273, 4.356568120419979, 4.344417870044708, 4.322899155318737, 4.30075478553772, 4.292529806494713, 4.279499225318432, 4.276022985577583]}