{"train": [6.456781830638647, 5.169507190585136, 5.002503216266632, 4.932801462709904, 4.884993828833103, 4.863218855112791, 4.850878302007914, 4.841386452317238, 4.825951527804136, 4.813931241631508, 4.806667808443308, 4.811188906431198, 4.795704439282417, 4.79563245177269, 4.790072567760944, 4.784484434872866, 4.781857620924711, 4.778542634099722, 4.770498294383287, 4.767470076680183, 4.761802680790424, 4.759467285126448, 4.748931098729372, 4.762568779289722, 4.746695581823587, 4.732312947511673, 4.738049112260342, 4.7449116334319115, 4.733504436910152, 4.73234473541379, 4.72036537155509, 4.720038510859013, 4.718064021319151, 4.7026834189891815, 4.710321504622698, 4.70473076030612, 4.688347935676575, 4.693965405225754, 4.693951521068811, 4.6846119575202465, 4.683043163269758, 4.669112991541624, 4.6737351678311825, 4.6649718433618546, 4.6661063097417355, 4.6517137214541435, 4.651163566857576, 4.65171854570508, 4.64571214094758, 4.634327355772257, 4.632209677249193, 4.631873808801174, 4.6292605102062225, 4.616472817957401, 4.613675098866224, 4.608884762972593, 4.603053774684668, 4.605692718178034, 4.598996143788099, 4.585205394774675, 4.588235091418028, 4.58344990760088, 4.579157527536154, 4.570071313530207, 4.563071917742491, 4.555043019354343, 4.5516002513468266, 4.544063925743103, 4.54809845238924, 4.537455689162016, 4.530678782612085, 4.531121540814638, 4.517819419503212, 4.516981698572636, 4.5035215094685555, 4.5032146461308, 4.492045246064663, 4.495138391852379, 4.484511982649565, 4.477785874158144, 4.4732206501066685, 4.4638369381427765, 4.458213947713375, 4.452072091400623, 4.44105352088809, 4.43657798320055, 4.429549686610699, 4.423586506396532, 4.4164540730416775, 4.413458399474621, 4.400535076856613, 4.396305371075869, 4.386821262538433, 4.371463742107153, 4.370480816811323, 4.367419246584177, 4.357801202684641, 4.352029051631689, 4.340220335870981, 4.328879673033953, 4.322381928563118, 4.31342289224267, 4.30594539642334, 4.302437946200371, 4.288861121982336, 4.278569474816322, 4.272902932018042, 4.262533206492662, 4.255132157355547, 4.243148852139711, 4.2403947450220585, 4.230550996959209, 4.219957631081343, 4.211485903710127, 4.204104606062174, 4.195825289934874, 4.186413753777742, 4.178944390267134, 4.171107433736324, 4.165451359003782, 4.1564473286271095, 4.150535404682159, 4.144821397960186, 4.137502418830991, 4.130820419639349, 4.123924147337675, 4.118425600230694, 4.111799778416753], "val": [5.471948504447937, 5.1190551072359085, 5.040815994143486, 4.976260423660278, 4.95920404791832, 4.919314533472061, 4.947856664657593, 4.915761098265648, 4.919954568147659, 4.9014561623334885, 4.878604471683502, 4.870855376124382, 4.885199785232544, 4.85674649477005, 4.884613290429115, 4.863160461187363, 4.860072508454323, 4.867987304925919, 4.845903918147087, 4.862824112176895, 4.832016438245773, 4.854750752449036, 4.875868588685989, 4.83081516623497, 4.832684099674225, 4.838925823569298, 4.860097348690033, 4.826097786426544, 4.81245157122612, 4.809851348400116, 4.8202527314424515, 4.813600480556488, 4.78456637263298, 4.802138581871986, 4.779069423675537, 4.781522884964943, 4.8011656403541565, 4.774248912930489, 4.7881907522678375, 4.784028723835945, 4.753230482339859, 4.777289539575577, 4.7582640796899796, 4.777678564190865, 4.726428255438805, 4.750221699476242, 4.7500941306352615, 4.748876750469208, 4.723656609654427, 4.725163593888283, 4.728705421090126, 4.725047588348389, 4.7213334441185, 4.718436032533646, 4.7114870846271515, 4.723648756742477, 4.724343255162239, 4.703466519713402, 4.690753147006035, 4.710276871919632, 4.688762784004211, 4.694540649652481, 4.686841741204262, 4.667971894145012, 4.655032083392143, 4.6700634360313416, 4.671091809868813, 4.663194999098778, 4.651523441076279, 4.628116115927696, 4.63835147023201, 4.6395387053489685, 4.628730088472366, 4.621553793549538, 4.60523147881031, 4.595925003290176, 4.603918105363846, 4.599536940455437, 4.605040520429611, 4.594372883439064, 4.574685603380203, 4.574529618024826, 4.562541171908379, 4.573192745447159, 4.553829237818718, 4.553287625312805, 4.54379566013813, 4.527956962585449, 4.532016292214394, 4.536799758672714, 4.520519405603409, 4.515883103013039, 4.498280823230743, 4.497336119413376, 4.491030380129814, 4.485564142465591, 4.476363092660904, 4.4656054973602295, 4.448281541466713, 4.4467309564352036, 4.434589847922325, 4.427258640527725, 4.438617870211601, 4.4174869656562805, 4.410030171275139, 4.394790560007095, 4.386971428990364, 4.383313879370689, 4.374705031514168, 4.364745378494263, 4.354507714509964, 4.348648622632027, 4.339714616537094, 4.336243063211441, 4.325299695134163, 4.312360808253288, 4.309033617377281, 4.306635767221451, 4.2976403683424, 4.2941261529922485, 4.290828213095665, 4.287984266877174, 4.280841812491417, 4.277173325419426, 4.277373850345612, 4.275203496217728, 4.27396322786808, 4.270979896187782]}