{"trainLosses": [6.086266048218533, 3.992950916363408, 3.025497203161103, 2.4411542554143115, 2.1528894166484736, 1.8810298965491425, 1.7259575941307974, 1.5422988641738746, 1.4674392910751717, 1.3506724801301269, 1.3076861578554246, 1.1681081004884342, 1.1108781409946538, 0.9949187534863582, 0.8577300087850233, 0.695377013120799, 0.5444552637028528, 0.44377195063501285, 0.3977952185449791, 0.33877382188592986, 0.32510855558199836, 0.3144354222340573, 0.28219612828672613, 0.2636740049847708, 0.25245155539823916, 0.24415516238675142, 0.22562576842677215, 0.21294977178714278, 0.2153563613856044, 0.20636973798231725, 0.2024211216113702, 0.1996203261933056], "valLosses": [4.606879482044743, 3.806726818391048, 4.008425154608993, 4.5205692641640285, 4.320910527024722, 3.981870491070227, 4.166516235953418, 3.849098216284942, 5.462237533753197, 5.173138267316408, 4.111115178975115, 3.790349153900443, 4.986632026581492, 4.52433398734234, 3.8591421455663544, 3.8891594147555515, 3.6372481979913025, 3.323084249648246, 3.1828957956173416, 3.209297369091943, 3.358935018634251, 3.3966686028523454, 3.516571293541587, 3.3262672310160655, 3.2063391982445277, 3.0993000847997614, 3.1468199228863374, 3.0352654275986106, 3.1621195244643676, 3.203125554391503, 2.9484182617112844, 2.9308057093599635]}