{"trainLosses": [6.251830776536561, 4.031307670394574, 3.062045127496779, 2.595368468800328, 2.1654323252641836, 1.9220702355674404, 1.6774090766673515, 1.5930484743271383, 1.460420807841662, 1.31641727637609, 1.238297745628165, 1.1181353582211588, 1.0387736181970126, 0.8584306536554576, 0.6469047938829191, 0.5258973856426434, 0.4344858088581251, 0.387069270886761, 0.35883198288604107, 0.3367729501320801, 0.33082769437649867, 0.3127896446147881, 0.28449665109255395, 0.2764505097586401, 0.27381159903497965, 0.24805147948068038, 0.24927115989133705, 0.2456645901992626, 0.23069918626134986, 0.23128292746724782, 0.22452821463562658, 0.21809467612314348, 0.2195144189663163, 0.21281611896258207, 0.20028843429666646, 0.20062932416805923, 0.19612007897237593, 0.18982099052939894, 0.1776821633578545, 0.17823990589783917, 0.18438076193191927, 0.1864627930827479, 0.16821153884454337, 0.16890764032035677, 0.17289448112348713, 0.17350474433347504, 0.1639138088788916, 0.1681742701257873, 0.17288197627343865, 0.15717974278534624, 0.15579172747418357, 0.15808394266833622, 0.16148883570443387, 0.1541469852461133, 0.15514428432426344, 0.1570332970522853, 0.1532097222655148, 0.15065865902414644, 0.15512003353285764, 0.1464369405082241, 0.1455420934853163, 0.1453574291847638, 0.15350644950417594, 0.1415991867623872], "valLosses": [5.401815373241602, 4.5141728886501795, 4.555584848792324, 3.670137966221678, 3.6231046280114243, 4.108866500798635, 3.9762335132231206, 3.8444222061279842, 3.8110837207388166, 3.5714504428883416, 3.6850206388496436, 3.2167137276734223, 3.8148219455613046, 3.445978249652657, 2.8912017481612398, 3.046233256914333, 3.1669897046963658, 3.195284624299743, 3.0385194710690815, 2.9316755150527025, 2.9354186279523056, 3.181975331169717, 3.408876451366179, 3.21737468654142, 2.936959400842635, 2.9553038354577486, 2.998878376750233, 2.823529860904768, 3.0266807767705854, 2.977729794495553, 2.930305284760123, 2.9209003342366273, 2.966020928713797, 2.803470886494411, 3.0874165220951864, 2.868964549838354, 2.8365942507094783, 2.7038359691227316, 2.7807317510001854, 2.911367543837741, 2.9208496833130044, 2.81597034413837, 2.9195095686477086, 2.6715958816447936, 2.7168693912855617, 2.698807250242893, 2.6960391193145408, 2.593725632863487, 2.7125534170390164, 2.752376566365818, 2.8899708188810815, 2.6957763497617053, 2.759163732144706, 2.693344085625208, 2.829938359343635, 2.7748531870124253, 2.7211448369263485, 2.662131919054803, 2.8050147407661385, 2.6490901467414796, 2.699096062562187, 2.8202150637994152, 2.755988477510517, 2.6569759976402207]}