{"trainLosses": [6.086858044172199, 3.7949506478354462, 3.038837172108262, 2.395977461246813, 2.122062731594291, 1.8835905221131588, 1.6822520869619004, 1.5140288074973933, 1.4125655266473365, 1.3392592906433145, 1.2821249481136985, 1.1092099897427328, 1.0370754713473214, 0.914990441201074, 0.7786501482146001, 0.6029257020202575], "valLosses": [4.370803513948266, 3.9670757697324537, 4.090875734271341, 3.685517903566398, 4.0002588392573, 3.756620756383381, 4.304667242579565, 3.762734300718188, 3.6196319274931623, 3.997687773048481, 3.773699555271251, 3.5662907380448674, 3.9514861971196296, 3.5253460945406285, 3.3170934692109375, 3.0863185643610875]}